impl,M,efc,ef,recall,qps_1t,qps_mt,p50_us,p99_us,build_s
hnsw-cpp,16,200,10,0.46869,12054.8,26028.1,76.671,178.006,456.698
hnsw-cpp,16,200,20,0.59146,7867.69,16216.9,115.075,299.946,456.698
hnsw-cpp,16,200,30,0.65769,5713.24,12172.1,165.002,331.657,456.698
hnsw-cpp,16,200,40,0.7009,4606.19,9820.97,206.198,399.239,456.698
hnsw-cpp,16,200,60,0.75309,3310.79,7105.2,288.749,552.263,456.698
hnsw-cpp,16,200,80,0.78579,2602.17,5525.33,370.325,700.72,456.698
hnsw-cpp,16,200,120,0.82496,1793.79,3817.8,536.304,1052.51,456.698
hnsw-cpp,16,200,200,0.86663,1195.96,2319.5,832.386,1382.03,456.698
hnsw-cpp,16,200,300,0.89435,810.385,1727.54,1228.93,2025.49,456.698
hnsw-cpp,16,200,500,0.92423,517.725,998.896,1922.19,2997.15,456.698
hnsw-cpp,16,200,800,0.9461,331.329,688.051,3057.04,4720.5,456.698
