impl,M,efc,ef,recall,qps_1t,qps_mt,p50_us,p99_us,build_s
hnswlib,16,200,10,0.70772,9987.04192296218,27272.33638576604,,,369.423446024
hnswlib,16,200,20,0.83924,6994.944553515569,18953.234610760508,,,369.423446024
hnswlib,16,200,30,0.89628,5259.448112561157,14963.969253538766,,,369.423446024
hnswlib,16,200,40,0.92749,4675.407872811247,12274.35279372169,,,369.423446024
hnswlib,16,200,60,0.95935,3540.5992235038157,9266.979021747566,,,369.423446024
hnswlib,16,200,80,0.97483,2809.989722639608,7504.884420813713,,,369.423446024
hnswlib,16,200,120,0.98791,2074.6468797746097,5467.627999164474,,,369.423446024
hnswlib,16,200,200,0.99559,1397.0231465782779,3604.5217291934805,,,369.423446024
hnswlib,16,200,300,0.99804,996.519512998906,2398.206652721417,,,369.423446024
hnswlib,16,200,500,0.99901,565.9921496559421,1542.3392862340024,,,369.423446024
hnswlib,16,200,800,0.99916,402.9292076623089,979.0351273109135,,,369.423446024
